,precision,recall,f1-score,support
cocci,0.9936507936507937,0.990506329113924,0.9920760697305864,316.0
healthy,0.9837662337662337,0.9837662337662337,0.9837662337662337,308.0
ncd,0.8983050847457628,0.9298245614035088,0.9137931034482759,57.0
salmo,0.9882352941176471,0.9853372434017595,0.986784140969163,341.0
accuracy,0.9833659491193738,0.9833659491193738,0.9833659491193738,0.9833659491193738
macro avg,0.9659893515701092,0.9723585919213564,0.9691048869785648,1022.0
weighted avg,0.9835472367106428,0.9833659491193738,0.9834399579274966,1022.0
