,precision,recall,f1-score,support
cocci,0.990506329113924,0.990506329113924,0.990506329113924,316.0
healthy,0.9662162162162162,0.9285714285714286,0.9470198675496688,308.0
ncd,0.864406779661017,0.8947368421052632,0.8793103448275862,57.0
salmo,0.9458689458689459,0.9736070381231672,0.9595375722543352,341.0
accuracy,0.9608610567514677,0.9608610567514677,0.9608610567514677,0.9608610567514677
macro avg,0.9417495677150257,0.9468554094784457,0.9440935284363785,1022.0
weighted avg,0.9612593851042888,0.9608610567514677,0.9608660675138931,1022.0
