,precision,recall,f1-score,support
cocci,0.9904458598726115,0.9841772151898734,0.9873015873015873,316.0
healthy,0.9831081081081081,0.9448051948051948,0.9635761589403974,308.0
ncd,0.7571428571428571,0.9298245614035088,0.8346456692913385,57.0
salmo,0.9707602339181286,0.9736070381231672,0.972181551976574,341.0
accuracy,0.9657534246575342,0.9657534246575342,0.9657534246575342,0.9657534246575342
macro avg,0.9253642647604263,0.9581035023804361,0.9394262418774744,1022.0
weighted avg,0.96865417968715,0.9657534246575342,0.9665924372940919,1022.0
