,precision,recall,f1-score,support
cocci,0.9810126582278481,0.9810126582278481,0.9810126582278481,316.0
healthy,0.9352750809061489,0.9383116883116883,0.9367909238249594,308.0
ncd,0.7540983606557377,0.8070175438596491,0.7796610169491526,57.0
salmo,0.9434523809523809,0.9296187683284457,0.9364844903988183,341.0
accuracy,0.9412915851272016,0.9412915851272016,0.9412915851272016,0.9412915851272016
macro avg,0.9034596201855288,0.9139901646819079,0.9084872723501947,1022.0
weighted avg,0.9420406980246896,0.9412915851272016,0.9415983304600649,1022.0
