,precision,recall,f1-score,support
cocci,0.9873817034700315,0.990506329113924,0.9889415481832543,316.0
healthy,0.9503311258278145,0.9318181818181818,0.940983606557377,308.0
ncd,0.7419354838709677,0.8070175438596491,0.773109243697479,57.0
salmo,0.9472140762463344,0.9472140762463344,0.9472140762463344,341.0
accuracy,0.9481409001956947,0.9481409001956947,0.9481409001956947,0.9481409001956947
macro avg,0.906715597353787,0.9191390327595222,0.9125621186711111,1022.0
weighted avg,0.9491241953347769,0.9481409001956947,0.948528088978803,1022.0
