{
  "task": "object_validation",
  "class_names": [
    "not_chicken_feces",
    "chicken_feces"
  ],
  "positive_class": "chicken_feces",
  "img_size": 224,
  "threshold": 0.41999999999999993,
  "best_model_name": "object_trial_4_efficientnetb0_du128_do03_lr0.001_augmedium",
  "best_model_path": "/kaggle/working/chickpoo_final_outputs/models/best_models/best_object_validation_model.keras",
  "val_metrics": {
    "split": "val",
    "threshold": 0.41999999999999993,
    "accuracy": 0.9973474801061007,
    "auc": 0.9998832181009676,
    "precision": 0.9970674486803519,
    "recall": 0.9980430528375733,
    "f1": 0.9975550122249389
  },
  "test_metrics": {
    "split": "test",
    "threshold": 0.41999999999999993,
    "accuracy": 0.9957582184517497,
    "auc": 0.9999422428788867,
    "precision": 0.9960861056751468,
    "recall": 0.9960861056751468,
    "f1": 0.9960861056751468
  },
  "created_at": "2026-07-04T16:15:58.021842"
}